#RSS_anchor1, RSS_anchor2, RSS_anchor3, RSS_anchor4
0.17873881775509257,0.03867802460049301,-0.028236102903758428,0.05603359689921195
0.1945059289025764,0.046833839494541854,-0.037398976179677905,0.060928434875719854
0.07600098312770545,0.06556728303321266,0.0012614301485237827,0.0578275218723061
-0.08011142639370805,0.08567756429546204,0.03412672703939945,0.02654097618442725
-0.16013195377392833,0.08874959331997205,0.03236102599994302,-0.02975436923192465
-0.12336198982082677,0.03385163720317471,-0.007545118855531777,-0.0933975246525132
-0.048400554119873096,-0.0804612529844443,-0.0316745846152515,-0.1470553435289315
0.007724352815050514,-0.14219992279233545,0.0013054709226488798,-0.18003375569293112
0.037004973142286963,-0.08112765655430984,0.03227449423932678,-0.1616521210447791
0.06194223404676855,0.027358952538496423,0.01050767038215027,-0.07660784515026997
0.08026314672140393,0.09118878492546051,-0.034358611184359976,0.051832503822076804
0.06793737455741848,0.09475009328742649,-0.05788798005605174,0.16856385747693448
0.018466338798789794,0.09823647936448676,-0.04311561725741777,0.22377142637945852
-0.03577222343866221,0.11604403059093187,0.003949057053005592,0.21253270614933126
-0.059046738850493614,0.12236156994452031,0.05078105406240839,0.14077948000046117
-0.03009242347628446,0.08979506763563978,0.06651112462138542,0.008586239179659583
0.025361201687475736,0.031271618259684095,0.05158983844087843,-0.15780867195134823
0.0729412921219866,-0.015249147055958999,0.019483721835830255,-0.2489615315896602
0.09020874197195938,-0.029411350969496968,-0.009690724384294896,-0.17386225294591318
0.06808229889052929,-0.024065015327167493,-0.01905978464329615,-0.013885706820071002
