#RSS_anchor1, RSS_anchor2, RSS_anchor3, RSS_anchor4
-0.010891378463353554,0.0032064393193557746,-0.07669064354106428,-0.11900704441736795
-0.06862553713536307,-0.0019644740701489716,-0.13641682776848707,-0.03646364127131408
-0.1253315931634475,0.0016354938625580018,-0.039334353258767135,0.0854802663170016
-0.15316612321478149,0.009246021269734027,0.08453753882841135,0.17272236832459167
-0.14593018086255732,0.003927388689344675,0.11779623746879077,0.12350328502134074
-0.10617931284200408,-0.016282037993077862,0.04906594815649708,-0.022101948033688115
-0.04347177726361692,-0.03743625295128192,-0.03390968383698282,-0.12432024676718521
0.03259987462419855,-0.02558998442465973,-0.07289648959582419,-0.14954829513622106
0.10818431711566422,0.02052386150466639,-0.05071238986742698,-0.11507016835433612
0.15718993004928186,0.06595646055792974,-0.004549559409088343,-0.03266045763003737
0.14735986578028692,0.0694655734519491,0.04373647054766896,0.06878842157034347
0.05183709211976837,0.011597613440981784,0.06838103554730333,0.05585704308939166
-0.08549347601044065,-0.07081337543919376,0.042081204885226195,-0.0494290386092224
-0.157945913844082,-0.11004752048006593,-0.021390788736779118,-0.06414531271744721
-0.12140170676747934,-0.031155977574772387,-0.08252433177255698,0.028404788323316263
-0.0022976456790809348,0.08480624480874387,-0.08663832851024829,0.13258733955626467
0.11237079070638922,0.11366307574822067,-0.011505068047307571,0.10967103173640703
0.1406988204929926,0.07948792591406127,0.07738202195604531,-0.0367289971652149
0.05655992070077946,0.058561692600614945,0.10079226379109459,-0.14747893906973084
-0.027556168711558023,0.05282553427368875,0.02153373080450592,-0.14426032010813164
-0.008373323419363763,0.00024580715267043815,-0.06272209626944023,-0.05432323020455201
0.05899993347310646,-0.08375707957093845,-0.055431525928038516,0.009226343064434673
