#RSS_anchor1, RSS_anchor2, RSS_anchor3, RSS_anchor4
-0.11061366525322107,0.07946309875942734,0.030995949217525784,-0.08492316429783228
-0.07013835603071103,0.08411519691592163,0.10237886694497275,0.019851258182666018
0.010964348862862714,0.04613262741361227,0.17390012845792113,0.09210848906194759
0.08938983197888987,-0.011585105488261345,0.22825383580790062,0.08125164445332506
0.11501498332728556,-0.04878119185455163,0.25032067337873715,-0.00636221418766795
0.04440571090226108,-0.040232038224241345,0.228378938693274,-0.07931201967207421
-0.09001731601798246,-0.02344991872726955,0.14467779653603008,-0.06012320699044643
-0.12765650689592042,-0.02934298428207631,0.0007532564835491701,0.011993014689966195
-0.019036266017785044,-0.03142627487117753,-0.14739547845347553,0.021361978857971184
0.0961575025409897,0.018450452885211403,-0.2030696824352664,0.00482325815335379
0.069140765867815,0.056234415646048225,-0.08550606844990107,0.042887467217405044
-0.05372185021183115,0.008766178656309468,0.08803097467308801,0.05476211758793621
-0.08694823433323304,-0.021602038865372084,0.12677926618325475,0.024450682675867853
-0.0012723350599054084,0.0068854299667489936,0.0417873831260852,0.01814669961449362
0.06945426961706312,0.020002082862414804,-0.05483860922007393,0.04834393088435072
0.02941569970130875,-0.007044264187467408,-0.051451159260009066,0.04081346737739258
-0.05139899411718215,-0.04091603896622178,0.0006004604284744679,-0.03795804873277081
-0.07998183010397922,-0.03241718498812318,0.009526784548598184,-0.10778144908657239
-0.05554108625072351,0.018141876678520383,-0.005896317041375974,-0.11762421537397043
-0.007131099379946791,0.050466219240073634,0.003849554888434928,-0.07795521338538569
0.02360326564759621,0.03034508767154043,0.03722943102609296,-0.008717999080349417
0.03125465961675668,-0.033987984191279075,0.05496816538504821,0.07241078827072163
0.04247651682664871,-0.041409683493631826,0.0245939177652148,0.130554196927306
0.05445990454404495,0.017168857883355287,-0.03514972278836983,0.14441842827569776
0.05490835969752099,0.044177043323274476,-0.09019513771204962,0.10728944875028551
