#RSS_anchor1, RSS_anchor2, RSS_anchor3, RSS_anchor4
0.025145316513202388,0.025978722581519013,0.06330358702196132,0.09893745179062458
0.043175152680670646,0.10795394011301558,-0.02585058802871336,0.13434940661426448
0.011614151171730883,0.15845628988223312,-0.05607111269604052,0.06240042174602861
-0.020575494571374517,0.12261684159780342,-0.00621134753424643,-0.0627726714918053
-0.02465634689641356,0.015753676386032724,0.03914901601945691,-0.13782342205506704
-0.010894869317808148,-0.09336638680771499,0.004823773871835295,-0.12108188576101814
-0.01900412914831092,-0.13979874654428515,-0.039475908979645695,-0.028295904714958322
-0.040575166720247344,-0.11053305786868185,-0.020361346191350015,0.08293050606087134
-0.035827201154018475,-0.016504754540563046,0.02563662557630308,0.15648028108474082
0.012884043215076316,0.08589586743737312,0.04510247594612855,0.15515525383851572
0.07649667478610361,0.09412087702930874,0.01627600117986995,0.0759994571181616
0.08552136704394121,-0.014192594880561744,-0.027852741315938588,-0.04786950686505022
0.009796916663223786,-0.08032045689262604,-0.04340676348694985,-0.15600120090449401
-0.08815811707136854,-0.028093165708607808,-0.025492566925555307,-0.1932948864404385
-0.09473650332082299,0.047569275021103107,0.00398350768828566,-0.12753871714038528
0.01407022203669252,0.040635109126781394,0.026145709847809232,-0.00346586104672361
0.09744468572947224,0.01217655221893903,0.03017766901941702,0.12267859530648029
0.022677544667818163,0.027397909737244444,0.018978518795760256,0.19592558427603074
-0.061807410599762885,0.032491093142088,0.0010573620492945754,0.18841705240014278
-0.04018153319823555,0.0001539601346319068,-0.013176852991084764,0.08413548747469576
0.011875006111847526,-0.057911015461799664,-0.017484518596694153,-0.08821684346007505
0.05559572062254208,-0.08022976739521319,-0.013704020044365202,-0.1989088611977208
0.08644524827295916,-0.04252625626854654,-0.005836616800649519,-0.1479797568061314
