#RSS_anchor1, RSS_anchor2, RSS_anchor3, RSS_anchor4
0.015781879070506443,-0.30209602400264773,0.056976564479517135,0.14613100994899308
-0.33588829147380883,-0.2884948653689106,-0.022788229080018096,0.054860173184924525
-0.34577886088139725,-0.2207689726053429,-0.05756646114315358,-0.09524410332539214
-0.0416610534206647,-0.11153027839681931,-0.011825929485200426,-0.20681882758389192
0.23814068335424088,0.012631607266515214,0.06591180865806352,-0.16787303277287305
0.29857925321997764,0.1233193607545904,0.07967564859594382,-0.01545721602308745
0.17364309570927425,0.1986423288097442,-0.031057450423708315,0.10370208921282313
0.0014132497343120136,0.2436747577949198,-0.13856396265614418,0.09572339661266868
-0.12981848132127727,0.26991243211713234,-0.09711608162411026,0.07279250814502905
-0.1443919895817545,0.27869300198505653,0.10372306185971368,0.07984018044974417
-0.056551482261956144,0.26893383385915554,0.19554279441855232,0.09963539212663865
0.036908886379851194,0.23707681333412897,0.104649341874131,0.05967013470796321
0.0445598360874159,0.14410678828381848,-0.015830225089075934,0.02866846531358263
-0.012501423151295543,-0.035529318192295094,-0.1065351256915344,0.025091352313289187
-0.059066484780977514,-0.14585286489767138,-0.1506377326142424,-0.028923355071765
-0.04060020039520583,-0.033801608813240666,-0.17216456367061445,-0.09017914680148767
0.0219356099655555,0.10697977223431092,-0.19278209097723745,-0.08709753388378674
0.06697703616223923,0.11985303117711217,-0.1387957866437383,-0.014741682463003303
0.0519326777057181,0.10148498198612935,0.04516346442639076,0.0504432428013232
-0.023951928418210824,0.10174738013967818,0.1887219537990531,0.06630738377247031
-0.09798264907082962,0.10099777748090669,0.04410101658599782,0.02744497446605768
-0.07577771146511632,0.0956358468556734,-0.14807721109391309,0.004116862629851478
0.008624010754166021,0.10121408253039764,-0.03744159828987396,0.016776108447790716
