#RSS_anchor1, RSS_anchor2, RSS_anchor3, RSS_anchor4
-0.23643771411955788,0.016401540613087854,-0.05117485567300088,0.007308915847994578
-0.028098365011521676,0.019266145591577466,-0.09833083685211083,0.004017989576868482
0.18387737369359422,-0.008942963368373708,-0.09685447076187595,0.046628873424972836
0.2246187877673112,-0.050757921604556326,-0.039224928474500945,0.08550462612025084
0.11728847454446388,-0.07594706290135099,0.028971440757071202,0.07046368422747942
-0.042412958345461445,-0.06216839399893713,0.0721177648662763,-0.009138050913857424
-0.15909194308092733,-0.009960944704820736,0.06523237185307555,-0.08501661618974371
-0.18372588996772538,0.039742129764865616,0.009287640591869394,-0.09560984106714607
-0.1331150128402478,0.05242751465547317,-0.05519158447066939,-0.024268759788432258
-0.04678807357292186,0.04264180512156167,-0.0399411348884607,0.08595687992881844
0.04408433753935151,0.04333387937332266,0.06219403909942808,0.08486450738555736
0.11703923932925621,0.07774495160846608,0.05061325609644227,-0.04920187883267874
0.14372943609408625,0.1399749710412811,-0.09521621831658207,-0.10020282475473527
0.11167613270368401,0.16849214510399327,-0.10704176274656005,0.015244075372653109
0.028204676127581083,0.10353726238460773,0.04883882585676341,0.09920679703629806
-0.06517736137082221,-0.0590413133820344,0.18007510708228835,0.02619137153605106
-0.12355226582234773,-0.17980735176339308,0.17911464688156706,-0.08060511555836632
-0.12169812198007528,-0.14969362514127746,0.0423223882665788,-0.08491114984975667
-0.05696028474294472,-0.01619331393479864,-0.1262401160150567,-0.005859434171698137
0.011947275322346877,0.12211922676889303,-0.24365847165864774,0.06221632873904101
