#RSS_anchor1, RSS_anchor2, RSS_anchor3, RSS_anchor4
0.2839691884629572,-0.15380699947551982,0.009424270174712725,0.13699646493807882
0.18654807143195132,-0.2055364318702946,0.035971270161561215,0.1771284895598696
-0.00440852465201414,-0.19002113285820837,0.03767331434356324,0.15664649307708736
-0.1853440263634025,-0.11225005358395526,0.006455242854290131,0.0743259920773438
-0.24340083446783217,-0.00261664404927887,-0.03957543145241142,-0.040159875892517204
-0.1484363944669907,0.10710233116966275,-0.07553387385964189,-0.14326948229007358
-0.008822152660671904,0.18213896335283397,-0.07725505223884277,-0.17379045139730492
0.07899366560475815,0.18643812241081067,-0.03491450489121228,-0.08926473714842982
0.1229996268935579,0.09401289043742395,0.01805761664642588,0.04679488532772542
0.13680942651459424,-0.06212929182526343,0.04794270005254267,0.12829903332933051
0.10347617951621961,-0.16617166893078444,0.04405403636627032,0.1290980535733355
0.023951543661718967,-0.1235585365932405,0.02316544207108252,0.08093821542146912
-0.05084288772332215,-0.025425966946506964,0.001978847059779672,0.04577464979213681
-0.05597762842162608,0.042334798496852594,-0.029486668939497855,0.049866068243978996
0.018673451741332853,0.06270845043834082,-0.06431703612038274,0.06322671930690761
0.09340717009148451,0.08000604210085246,-0.0724476016724671,0.04415955052698493
0.07199729066383703,0.05164669470205066,-0.038016511252278645,-0.019025420060249904
-0.017877876612998424,-0.029807082771957365,0.007873854940227727,-0.09081610172807364
-0.08394419009428977,-0.09066171856745242,0.024714066341780777,-0.12928362360260834
-0.04151159728020928,-0.06575628706857545,0.013600359103528128,-0.10856146661157806
