#RSS_anchor1, RSS_anchor2, RSS_anchor3, RSS_anchor4
-0.002295234411499427,0.053814508808225074,0.16717108406802958,-0.046061716590351055
-0.00451814833277592,0.13193522794072246,0.017850968702678233,-0.03989892539566237
0.0556987409265246,0.007616250813093031,-0.12687519051744212,-0.032234135169473994
0.09852698641911899,-0.112807913516277,-0.20214841181242807,0.05504528771037236
0.05911218057791208,-0.07446310574973072,-0.18697369914042083,0.21360472382779622
-0.013640080400966547,0.015326836103536546,-0.0986461543609291,0.22100659611611306
-0.05757826396167043,0.04447602977867362,0.05389802960177339,0.04785131290207519
-0.03349254540484948,0.0032994079540844628,0.16877236057747066,-0.19562630288519992
0.01977390343282252,-0.03665420166925622,0.13879846685631972,-0.21046269678246307
0.03486204470658216,-0.010193435154559167,0.030622817845567307,-0.08405104552792747
-0.010178685849143084,0.07126142187113237,-0.0554534808917674,0.013563252986047563
-0.0632256501960618,0.09931178143578197,-0.07234782483894342,0.09236547671769724
-0.06732007026619756,-0.014778009271638103,-0.03743960333041861,0.12509945422900456
-0.01748764907432475,-0.1604538529607947,-0.02399239676965611,0.06587244945244412
0.02121749590934575,-0.1646843652952235,0.0024678027098155256,-0.05124095033495328
-0.004078547021093566,-0.013446594939546273,0.06013720797121064,-0.1093939965856257
-0.000572230612245397,0.16015628180676958,0.03082618784270192,-0.0260757062987742
0.04721101196063629,0.24137996757894115,-0.018215650911866443,0.09542979439064114
0.053891144269177634,0.18649572294991443,0.012499937815293833,0.09693492022009727
0.02005935755210907,0.010501651188609705,-0.04202052220738686,-0.07143616442666487
-0.02663571540929542,-0.17356787035018217,-0.14951618768313446,-0.1417149981430662
-0.05709391518606645,-0.2462453808964612,-0.10954034096727479,-0.0028503272462985286
-0.050846776461358205,-0.14483601522537112,0.04346013907211735,0.11445614637212222
-0.02386808275045263,0.011393059837060444,0.1505813837901423,0.11813449083625029
0.0015787411764210865,0.09093738304579142,0.1280733694101131,0.026162353799780273
0.007757295992354866,0.05944113183403409,0.06524694902791968,-0.03455905891453599
