#RSS_anchor1, RSS_anchor2, RSS_anchor3, RSS_anchor4
0.11399194682899311,0.08642345074279799,-0.051003864786495934,-0.18165089486454586
0.16228370065302727,0.0801923582925856,-0.12278777072982507,-0.19030626595947836
0.17418298781279568,0.020104240852109392,-0.10813421188441236,-0.16874234444417938
0.11665163507378518,-0.01983569483725754,-0.01998169182667372,-0.14455546177588205
-0.03087024292509677,0.036585590880830667,0.06934100614671253,-0.1325797491220297
-0.153641227586475,0.1563185525063687,0.09468198426074918,-0.11556466701262018
-0.13125423825381788,0.2142051086755119,0.06510175922097818,-0.08291574026405613
-0.0398588973911009,0.08265675655669184,0.015227064868102673,-0.05801863123936501
0.019126834563933458,-0.1734599627167515,-0.016940208708134827,-0.06322700882254635
0.04931213568276711,-0.3742394018387874,-0.00848442247183781,-0.07996615388573788
0.049190424656618374,-0.3086999343053418,0.0282709975081065,-0.05753364766242198
0.027685305683380897,-0.04162094723111623,0.06334316402632967,-0.00535860154186362
0.02587855451754259,0.2568678915222866,0.06340348827281857,0.023995799921335728
0.01898213107376701,0.4019775478536169,0.004468073257436087,6.128633928083309e-05
-0.032611820457031586,0.2550952282899603,-0.0844039674476433,-0.022265392156486426
-0.06806881710348368,-0.09082810556872613,-0.11746258294942544,-0.03546665712463638
-0.033668655313670734,-0.3259511772552189,-0.07783914865656462,-0.07407271498246563
0.04232696188930071,-0.18238811086624832,-0.001735722988568687,-0.12319065078460258
0.10175372646715763,0.0819848989658815,0.06535128803481959,-0.15716233936511823
0.0737910781082039,0.14206296441221966,0.10276873052445107,-0.16607137938278396
-0.024876309309965424,0.04932860900582617,0.1110034204728358,-0.146304356812471
-0.11187042312726556,-0.054685620046747214,0.09904787924321219,-0.08761288136391147
-0.11007664668399857,-0.05129943117104454,0.08332097374049148,-0.004366098535344607
-0.024389387281019373,0.08467614464085559,0.07678105278999557,0.0666611960420069
