#RSS_anchor1, RSS_anchor2, RSS_anchor3, RSS_anchor4
-0.031889206027398795,0.02148588901138735,-0.018075088282275678,0.15248753268484413
0.0007489183576894912,0.02994720292889852,0.11542845457963657,0.16649452419262778
0.06756304635659238,0.023706534078425313,0.14065023976302304,0.0730406830057065
0.130292622132155,-0.00037109991263762894,0.021903892827108425,-0.04697728717900228
0.1441071005501592,-0.024636968374499257,-0.10739937376102893,-0.08475900960405774
0.08232046114604269,-0.017407244973133684,-0.11771887388707446,0.00982645659801747
-0.05173429973274783,0.010422971865465164,0.028020452252514018,0.07872143050260515
-0.14522939177304203,-0.0010013363271663411,0.08660870243430985,0.006659112774788618
-0.10852579928485602,-0.02188468850911656,-0.019213800327295028,-0.09660547431586375
0.038346342755868325,0.025528591453475285,-0.05958963820453525,-0.10346959916619439
0.1252243721515185,0.06755810666796122,-0.003881605236545193,-0.009196783095337164
0.1147847456043119,0.006747772559127333,0.04235810770269302,0.11511136742715367
0.02498971596458101,-0.11134576073055058,0.0038454654143394184,0.09493528960730002
-0.09637118186712598,-0.13739832737481594,-0.026528914313270646,-0.041459424044173535
-0.11863477401726964,0.027954883924231587,-0.015718105942667777,-0.11361446911214225
-0.04089182238402626,0.18925240569635693,0.01766120097074638,-0.07454608499021002
0.07659909491572836,0.13777431650326177,-0.005814238584640011,0.030218281503422442
0.12208204289994189,-0.0038789394264076987,-0.02718146982418033,0.1077861984855425
0.07785886942600063,-0.07005708914883521,0.0007297181001782252,0.07673589817361173
-0.007409163001005911,-0.10183389752529529,0.03874634201383552,-0.020075446585157503
-0.07661444775686606,-0.17284450861967987,0.022629427457108033,-0.08955830588559803
-0.09070028699356908,-0.24962368309095218,-0.02457564250891131,-0.08912200969312233
-0.07171754548739101,-0.23240078855975696,-0.04551802733630416,-0.04525920422494917
-0.033644117131580865,-0.16168066808630818,-0.014615960237697637,0.007735727494584744
