#RSS_anchor1, RSS_anchor2, RSS_anchor3, RSS_anchor4
0.03784910196163932,0.10356709826525695,0.07104730774927324,0.14209669297993574
0.06822364989198236,0.15666769848847642,0.11577078732982723,0.14954233022920949
0.016085099380554267,0.11145424559707148,0.02365653475978729,0.048504413563469156
-0.05101074336732819,0.02092334857025548,-0.08027054945775645,-0.09378340403431039
-0.05718760460362098,-0.014809305529871164,-0.10714526008016578,-0.18803422086544264
-0.010953853738516747,0.015047973501106862,-0.04764883870308722,-0.1817941834701979
0.03702593721863687,0.019239335928299062,0.02897027866077163,-0.059237806547869996
0.03894484532379248,-0.10067235525878523,0.07862146829403291,0.08908669715698714
0.010262568974416573,-0.18577562966729122,0.09168361778278936,0.16587156404151862
-0.019328745591887214,-0.06019615169411665,0.05936095458470402,0.16217441983668623
-0.024578046401088013,0.1112899038321999,-0.014279083420568968,0.10948969542536396
0.0057526478606424415,0.17475593301149822,-0.09135868255570775,0.020894758392772377
0.03644639359957271,0.15549860028747717,-0.07056784988893945,-0.08848242214981658
-0.007675154825375714,0.09629087319589903,0.011635551408263351,-0.166054362707842
-0.0775818965511089,0.030228762629278715,0.042260643037402096,-0.16540230911389586
-0.03204866670168418,-0.0320075141810795,0.024069458920223708,-0.06492183562148245
0.07302128273696286,-0.09285730941207915,0.013045929437953708,0.0800028248949629
0.10390074484124234,-0.14319246005411343,0.03318642090896461,0.18604698620539437
0.055030981801709844,-0.15006789080397032,0.06822556005578229,0.18525637731516525
-0.03026445769857348,-0.09319414074102869,0.09589666659760476,0.08683531825481429
-0.09195845818584425,-0.020531124503920476,0.06245232188213255,-0.07920432654726339
-0.09094780085735701,0.015255437062718574,-0.05089511098298281,-0.2245779791405897
-0.04463852342161684,0.00710316367353209,-0.14578706686811677,-0.231795749580443
0.011784452879605471,-0.0134174117059428,-0.12074421847580352,-0.10727294660960845
0.046317704257399325,-0.0011224443567930855,-0.0032738372250578863,0.09076929723494506
0.038412460534129604,0.03759319989038304,0.12213083959491755,0.24430748377940564
0.00351256826944434,0.06659218785866773,0.13137426465558352,0.2544788306218749
