#RSS_anchor1, RSS_anchor2, RSS_anchor3, RSS_anchor4
0.007517287002608959,0.02291324419571209,-0.11857189064636026,-0.0016204050365955416
0.007367628865684428,0.015372562497132486,-0.14989771193266152,0.04487647261089541
-0.04019341749539323,-0.0757319975228623,-0.11125840144290362,0.024271076793015135
-0.06767822185585726,-0.1058473272362035,-0.007414639933504323,-0.03461941053204243
-0.011029430662073837,-0.007075717777195477,0.10409801906972117,-0.035154983334694107
0.06823575313355097,0.08733224370254387,0.14032034998089077,0.007371472326169321
0.061072784609290845,0.0962900434799057,0.07700591275202227,0.022697270413648375
-0.007592877173041979,0.04691085154408677,-0.04079932462242081,-0.007012839676115122
-0.06662162773454595,-0.0009368942521054855,-0.10605316276301416,-0.023398141323288782
-0.0784357207769385,-0.006513600115319428,-0.09747684385834583,0.015763356943690247
-0.055847247152297996,0.03533825249943873,-0.06268412870276009,0.06235479972778399
-0.026186434333599396,0.08609109501560205,0.003994089667629943,0.05139033159076469
0.006781969423712097,0.09416128236805708,0.08965380716722163,-0.011489108712385874
0.05109544015068433,0.03190929087449482,0.1319126113307664,-0.08022275430835507
0.09830042164381692,-0.08191413089240754,0.07952512761578881,-0.10629704199329013
0.11059259192612746,-0.17778013319312908,-0.0378481900615359,-0.058433639844825615
0.05494590873826968,-0.19101419694065766,-0.13616042914385532,0.04525388495669037
-0.06941915708302171,-0.10563383399303371,-0.15449986623089063,0.1301796534724918
-0.15410420785156576,0.029163903928642515,-0.08069585933702922,0.10941493680216252
-0.05765440059969539,0.1496289993591165,0.03203593869965706,-0.026341654255099142
0.06829605397895394,0.20443555233678015,0.11967205013633996,-0.13458895524043524
0.024047458207866104,0.18231540876363514,0.13482302924041775,-0.10422430569510446
