#RSS_anchor1, RSS_anchor2, RSS_anchor3, RSS_anchor4
0.05303776240332537,-0.05682900832278699,-0.095598960974266,-0.039800195429811926
0.06970026384492589,-0.044755285707687394,-0.11729580194971832,-0.14382459635689154
0.07612853081617493,0.008552283194662294,-0.06836769735055392,-0.18915777081425783
0.045277768229000113,0.030551061864890698,0.004476838803016916,-0.16765999624241418
-0.02221715831244331,-0.018829251585026793,0.039209937256642305,-0.08259443428395316
-0.0755271366060642,-0.11189060113897444,0.005031257554690276,0.019933944254514696
-0.06268868215169887,-0.14024621581106067,-0.04338259842554315,0.09352265081403446
-0.0026178138140697236,-0.07576778316997596,-0.03130268482250697,0.13154655928803727
0.03734688549750138,0.05220945192231916,0.05830110004969055,0.14461732658252635
0.034875626032084224,0.15863798883046984,0.15176389636119705,0.14266064627824934
0.013134318710474824,0.18332654502179546,0.16975699586556744,0.11859869282674187
0.010202696115450334,0.1118461896840543,0.08042964871736208,0.08191184256112764
0.01878300666946799,-0.039947728359541156,-0.09590063438594816,0.031439079012216604
-0.008458131654852753,-0.1793082713919294,-0.204534021235817,-0.04262734083022031
-0.04138594912195423,-0.20630768580769096,-0.11799974908715492,-0.10623604399888674
-0.029575684921437403,-0.1047878195244825,0.05313951580826672,-0.07393506287428987
0.03988666166953924,0.01735393228860241,0.15514124231161425,-0.021498498951016857
0.05986201050256708,0.07314657109813089,0.16365780035797048,-0.08921706523730948
0.006324967888737391,0.03532802193655926,0.0941102975992315,-0.1325242446581161
-0.0752640183171177,-0.021887616331506873,-0.012273807825079652,-0.03663061042230224
-0.03740671064474185,-0.024615727868430554,-0.08678717202943174,0.06887074700373973
0.06279932185089013,0.014309335792502325,-0.07507627430280539,0.11433615292607308
0.0591994304341726,0.05317854493942888,0.0015286110957051257,0.09095707543960499
-0.009767595938760563,0.07701302523816414,0.07422557693394212,0.05787830678118155
-0.043570815591732585,0.08105835002178198,0.08811637002587311,0.04893295361448329
-0.029262133386919117,0.0725226816264672,0.03861396855421504,0.058417149694847154
