#RSS_anchor1, RSS_anchor2, RSS_anchor3, RSS_anchor4
-0.033410067724816465,0.014092122045339057,0.033216830169246946,-0.07879264502702948
-0.045133746957242614,0.03166277921754705,0.0159526763312357,-0.10299086640739918
-0.0446603210603444,-0.02535595530139447,0.051746012908469516,-0.10127019513601104
-0.03649267487787819,-0.06923316033430264,0.11526941188453547,-0.05562129957704052
-6.0420231105585075e-05,-0.04597089066823278,0.14686947491700134,0.026915860413930178
0.026256135213320705,0.010398393592764727,0.09806771207080413,0.09986625320739334
-0.008753416660205536,0.04997013554250493,-0.036028472253619714,0.12339551147161508
-0.04535224245472208,0.04668726312995279,-0.16977902218879368,0.0970881752751278
-0.015386808619434218,0.0017300913041457054,-0.1820836309378746,0.04123460070978049
0.044467000735995604,-0.04533773438122027,0.0015088467260100874,-0.029677778281517107
0.034160780554384214,-0.04885659449040457,0.21116919636946124,-0.07237381103603167
-0.027539566155903028,-0.016962541357582402,0.19899491617697937,-0.044198612469696474
-0.06800255871784683,0.020899085257788944,-0.053548269354420155,0.03706906111392783
-0.03977905260329954,0.029695822931534468,-0.24661948811838247,0.0695226424473459
0.01302554925785687,0.007471023255839922,-0.1308906779365417,0.02371525181380542
0.04599905509500811,-0.031750952685544925,0.08124090314519887,-0.05133767849996123
0.041932627585819685,-0.04781822824221952,0.15753937547236604,-0.039869761812669574
0.016286326064776126,-0.011533053064289747,0.01669025598709151,0.03948501410853649
-0.00888395316211644,0.03926351681777779,-0.06068195434217013,0.07253104762339502
-0.007244993811849612,0.06082416030184421,0.017782790132888956,-0.010030004921975729
0.009748284161327326,0.04047056084182265,0.06800757501615366,-0.10800431262043603
0.002328871771186188,-0.008283293182257007,0.02135182341595762,-0.10507177586301722
-0.0231660754217183,-0.05578559217108922,-0.06128423588654264,-0.024321481499741435
-0.0338741540010222,-0.06553059225840863,-0.04675386882829199,0.07089551666184024
-0.021922502062709234,-0.039019538625451315,0.018869508083968655,0.12741263662424604
-0.003423764807292084,-0.018342149837088737,0.013377122922871623,0.11316101801473887
