#RSS_anchor1, RSS_anchor2, RSS_anchor3, RSS_anchor4
0.10591703449264264,-0.035138964030604763,0.014328472270244863,0.1149941357884676
0.06725177334969175,-0.07779553450101083,0.00334129172119825,0.17975588443097507
-0.00618471212567865,-0.1383464537886509,0.04414133734432995,0.19798987960337322
-0.07245152359792843,-0.1768732786008905,0.06377460625591694,0.11244192587344685
-0.09071233614689003,-0.1685395231247128,0.013660506673640145,-0.040821943614162644
-0.05956407512676163,-0.10355922026088649,-0.052206988563190275,-0.1500409129050065
-0.0043212234200198305,0.008649959162343866,-0.09510591637610323,-0.11815904818064583
0.034064046765400376,0.12232400493824294,-0.09805708311426026,0.08282928088455296
0.041147844525981296,0.17783722006474442,-0.07952195546838661,0.30106742661377445
0.02824963198380232,0.1339822397872457,-0.028175598815827752,0.17815887274003883
0.016526007487154257,0.035054541854490015,0.06340230240586188,-0.1882699070140606
0.005585895783318857,-0.052216604718827,0.13702912227381442,-0.346763506039542
0.001400393926391718,-0.07751302543286306,0.12240136910297407,-0.2689979327318315
0.011221172876472335,-0.06141115356708851,0.03831868653782896,-0.07883803169767713
0.02354009503236252,-0.051913325608682025,-0.05994087515089868,0.05543241505278094
0.01670748007587456,-0.07458192649129533,-0.11836170432487501,0.15053808852716877
-0.00560181069041732,-0.12755386065327412,-0.11543731858601053,0.21210325268464153
-0.031199277821657444,-0.16366275680491196,-0.05500842417774596,0.23323126884718715
-0.044335293977610594,-0.15091186841679932,0.031440492024643406,0.23778962332410555
-0.03638142021996311,-0.07661080334048305,0.09337448333324895,0.2081632667178487
-0.012013990020205827,0.02536623994861955,0.0802770448179789,0.08729216006279202
0.012377205302842822,0.12116531519355718,0.008472896407196638,-0.12503721401071513
0.023942718667404286,0.1895621691014847,-0.06757992119805678,-0.23891761918588922
0.026403093940936217,0.20197382261693148,-0.072331889813296,-0.11169423139863585
0.029536507811659264,0.1117351512128567,0.004727451312212136,0.07444077116215235
0.03617928843650429,-0.0516781743672927,0.07363560088598396,0.13063570602412944
0.0284980655891508,-0.21137780385832147,0.03557788510184346,0.080533743078674
