#RSS_anchor1, RSS_anchor2, RSS_anchor3, RSS_anchor4
-0.05127507532435482,-0.1939842537888373,0.01884932002990911,0.04772599369579509
-0.049391279462187,-0.28081837485120215,0.00852692592058311,0.08222660157567557
-0.030207719000202485,-0.1972796035244932,0.0677577064911112,0.1272622175946452
-0.003163135276238353,-0.006928808432408126,0.06957133538580638,0.1369648199071047
0.017900593463951578,0.15711624080599887,-0.01441561954446025,0.07111729648549653
0.019202350964333502,0.2362341582086315,-0.11706635655603907,-0.04092051706642498
0.002440428429056982,0.2288148969452469,-0.06714594626422986,-0.1307597049862688
-0.019637513948350033,0.1737559269427227,0.07861150970401999,-0.10505434236797666
-0.029274533131768674,0.11322568729585683,0.1482040130156027,0.006011850116381639
-0.012048532657144246,0.06052338168151858,0.029522931967806705,0.06805262773496999
0.018704831565996526,-0.017157442977046303,-0.1030025170818671,0.03447049119631529
0.03468210039549007,-0.10373259146938135,-0.07899581250556947,0.015777780112444434
0.0187659120990442,-0.1438583563745176,0.021082488966611693,0.049485495768035966
-0.013888114493263905,-0.09879075215035821,0.07464252830565007,0.02635948387652768
-0.03758706291098085,-0.022039180460152803,0.05650804878820678,-0.03166109370171504
-0.019088212111230764,0.02034537773118174,0.011219992729931395,-0.027936801490827938
0.026301720659866343,0.011718527013194167,-0.010480229441769167,0.006822907142429943
0.031712774132784394,-0.017527136745044036,0.006572674258871417,0.0308073081740197
-0.02704537841902068,-0.006024150218996344,0.005391434762825379,0.0346151267009988
-0.07649232566406612,0.046539292642267575,-0.013100954939652442,0.011917152333866525
-0.0522486321858323,0.08440952661928733,0.021311076026777006,-0.043501382191783684
0.011472616060070101,0.05695974810877856,0.04590642833861538,-0.07817811235419825
0.05212490521675781,-0.02316605124224831,-0.041384549311616586,-0.039938111812078826
0.056450374135357514,-0.09250949821626005,-0.13532825277834862,0.0408059682133501
0.044097813485032215,-0.09370736669791238,-0.1310505342520759,0.07742970593016811
0.033210244731422686,-0.0407084025121173,-0.07427730198647814,0.04985074393260204
